title;text
Handleidingen;Er zijn handleidingen toegevoegd! Klik op het kopje 'Manuals' in de bovenste blauwe balk voor een overzicht. Er worden de komende tijd nog meer handleidingen toegevoegd.
Production data now loaded;The actual data from Uli Eisel and Roelof Hut is now in the database, so please be careful with your actions. Daily back-ups are made to prevent loss of data.
Contact info;For urgent matters, please contact:<br />Erik Roos, <a href="mailto:t.e.roos@rug.nl">t.e.roos@rug.nl</a>, 06-26667466<br />Ate Boerema, <a href="mailto:a.s.boerema@rug.nl">a.s.boerema@rug.nl</a>, (050-363)7848 / 050-3615779
Software updates;Software updates may be done between 17.00 and 17.30, so please do not do important work during that time.
Feedback;For giving feedback, you can use the 'feedback' link that is always visible in the top right corner of the screen.